{
	"write_sync":{
	"total_bytes": 1.68e+09,
	"number_of_ranks": 4, 
	"bandwidth": {
		"b_rank_avr": [
			 18854940.934542, 35493987.414814, 26656768.595012, 20879002.716997,
			 28234996.909554, 21386514.858547, 26588927.552098, 18408319.012778,
			 66591429.795722, 64718227.754890, 20303409.879130, 39347431.382128,
			 21904017.847817, 26657866.416951, 38344190.339886, 67774121.679019,
			 24178995.499522, 24457899.521490, 77675298.475351, 71081178.788930,
			 69537332.852923, 72595355.489592, 20328465.984519, 22970008.962767,
			 32817028.455917, 18802080.851357, 38077100.664442, 27360825.411258,
			 39622620.596783, 35450821.093752, 68597882.969851, 34332203.448823],
		"t_rank_s": [
			 0.060111, 2.920865, 5.801426, 8.470562,
			 11.072364, 13.558426, 16.081736, 18.744577,
			 0.060017, 2.920780, 5.801340, 8.470471,
			 11.072274, 13.558340, 16.081650, 18.744492,
			 0.059990, 2.920736, 5.801290, 8.470427,
			 11.072234, 13.558294, 16.081607, 18.744447,
			 0.060026, 2.920790, 5.801344, 8.470485,
			 11.072288, 13.558349, 16.081659, 18.744501],
		"t_rank_e": [
			 2.840750, 4.397983, 7.768236, 10.981639,
			 12.929237, 16.009915, 18.053565, 21.592681,
			 0.847337, 3.730889, 8.383606, 9.802929,
			 13.465844, 15.525069, 17.448971, 19.518073,
			 2.228352, 5.064370, 6.476264, 9.208017,
			 11.826200, 14.280500, 18.660690, 21.026937,
			 1.657636, 5.709247, 7.178256, 10.386685,
			 12.395491, 15.037266, 16.845951, 20.271603]
		}
		}

}
